Department,Average Execution Time,Average History Steps,Images Processed per Hour
12.0,37.51851851851852,61.03703703703704,95.95261599210266
31.0,18.333333333333332,18.333333333333332,196.36363636363637
47.0,32.5,59.5,110.76923076923077
92.0,2.5,2.0,1440.0
30.0,36.142857142857146,63.57142857142857,99.60474308300394
53.0,64.5,127.5,55.81395348837209
