Department,Average Execution Time,Average History Steps,Images Processed per Hour
47.0,1.0,2.0,3600.0
59.0,16.285714285714285,19.571428571428573,221.05263157894737
61.0,33.85,8.75,106.35155096011816
92.0,2.5,2.0,1440.0
